{  
  "TYPES": {
    "Actor": {
      "pc": "Personagem Jogador",
      "npc": "Personagem Não Jogador"
    },
    "Item": {
      "move": "Movimento",
      "weapon": "Arma",
      "advantage": "Vantagem",
      "disadvantage": "Desvantagem",
      "darksecret": "Segredo Sombrio",
      "relationship": "Relação",
      "gear": "Equipamentos"
    }
  },

  "k4lt.AskAttribute": "Qual atributo você deseja rolar?",
  "k4lt.AttributePrompt": "Atributo",
  "k4lt.Ask": "Sempre pergunte",

  "k4lt.WhatYouHoldDear": "O que você ama",
  "k4lt.ThingsInYourPossession": "Coisas em sua posse",
  "k4lt.RelationToTheOtherCharacters": "Relação com os outros personagens",
  "k4lt.DramaticHooks": "Ganchos Dramáticos",

  "k4lt.Caption": "Legenda",
  "k4lt.NoWound": "Sem ferimento",
  "k4lt.OpenWound": "Ferimento",
  "k4lt.StabilizedWound": "Ferimento Estabilizado",

  "k4lt.MajorWound1": "Ferimento Maior #1",
  "k4lt.MajorWound2": "Ferimento Maior #2",
  "k4lt.MajorWound3": "Ferimento Maior #3",
  "k4lt.MajorWound4": "Ferimento Maior #4",

  "k4lt.Notes": "Anotações",
  "k4lt.Success": "Sucesso",
  "k4lt.Failure": "Fracasso",
  "k4lt.PartialSuccess": "Sucesso Parcial",
  "k4lt.Willpower": "Força de Vontade",
  "k4lt.Coolness": "Sangue-frio",
  "k4lt.Violence": "Violência",
  "k4lt.Soul": "Alma",
  "k4lt.Intuition": "Intuição",
  "k4lt.Fortitude": "Fortitude",
  "k4lt.Reflexes": "Reflexos",
  "k4lt.Reason": "Razão",
  "k4lt.Perception": "Percepção",
  "k4lt.Charisma": "Carisma",
  "k4lt.DarkSecrets": "Segredos Sombrios",
  "k4lt.DarkSecret": "Segredo Sombrio",
  "k4lt.Forward": "Ananços",
  "k4lt.SitMod": "Modificador Situacional",
  "k4lt.Stability": "Estabilidade",
  "k4lt.Advantages": "Vantagens",
  "k4lt.Advantage": "Vantagem",
  "k4lt.Disadvantages": "Desvantagens",
  "k4lt.Disadvantage": "Desvantagem",
  "k4lt.Relationships": "Relações",
  "k4lt.Relationship": "Relação",
  "k4lt.Weapons": "Armas",
  "k4lt.Weapon": "Arma",
  "k4lt.Gears": "Equipamentos",
  "k4lt.Gear": "Equipamento",
  "k4lt.Wounds": "Ferimentos",
  "k4lt.MajorWound": "Ferimento Grave",
  "k4lt.CriticalWound": "Ferimento Crítico",
  "k4lt.Moves": "Movimentos",
  "k4lt.Move": "Movimento",
  "k4lt.Age": "Idade",
  "k4lt.Gender": "Gênero",
  "k4lt.Ethnicity": "Etnia",
  "k4lt.Weight": "Peso",
  "k4lt.Height": "Altura",
  "k4lt.Eyes": "Olhos",
  "k4lt.Hair": "Cabelo",
  "k4lt.Stats": "Estatísticas",
  "k4lt.Background": "Histórico",
  "k4lt.WhoAreYou": "Quem é você?",
  "k4lt.Stabilized": "Estabilizado",
  "k4lt.NotStabilized": "Não Estabilizado",
  "k4lt.StabilityComposed": "Tranquilo (Sem Modificadores)",
  "k4lt.StabilityUneasy": "Inquieto (-1 para Desvantagens)",
  "k4lt.StabilityUnfocused": "Desorientado (-1 para Desvantagens)",
  "k4lt.StabilityShaken": "Abalado (-1 Manter o Sangue-frio | -2 para Desvantagens)",
  "k4lt.StabilityDistressed": "Angustiado (-1 Manter o Sangue-frio | -2 para Desvantagens)",
  "k4lt.StabilityNeurotic": "Neurótico (-1 Manter o Sangue-frio | -2 para Desvantagens)",
  "k4lt.StabilityAnxious": "Ansioso (-2 Manter o Sangue-frio | -3 para Desvantagens | +1 Ver Através da Ilusão)",
  "k4lt.StabilityIrrational": "Irracional (-2 Manter o Sangue-frio | -3 para Desvantagens | +1 Ver Através da Ilusão)",
  "k4lt.StabilityUnhinged": "Conturbado (-2 Manter o Sangue-frio | -3 para Desvantagens | +1 Ver Através da Ilusão)",
  "k4lt.StabilityBroken": "Arruinado (O Mestre faz um Movimento)",
  "k4lt.MinusStability": "Clique para diminuir a Estabilidade",
  "k4lt.PlusStability": "Clique para aumentar a Estabilidade",
  "k4lt.RollMove": "Clique para rolar o Movimento",
  "k4lt.DeleteItem": "Remover Item",
  "k4lt.EditItem": "Editar Item",
  "k4lt.ShowItem": "Mostrar Item",
  "k4lt.Edge": "Benefício",
  "k4lt.AddEdge": "Adicionar Benefício",
  "k4lt.SpendEdge": "Gastar Benefício",
  "k4lt.Hold": "Reserva",
  "k4lt.AddHold": "Adicionar Reserva",
  "k4lt.SpendHold": "Gastar Reserva",
  "k4lt.Uses": "Usos",
  "k4lt.Ammo": "Munição",
  "k4lt.Harm": "Dano",
  "k4lt.None": "Nenhum",
  "k4lt.Type": "Tipo",
  "k4lt.Active": "Ativo",
  "k4lt.Passive": "Passivo",
  "k4lt.HasEdge": "Tem Benefícios",
  "k4lt.HasHold": "Tem Reservas",
  "k4lt.Counter": "Contador",
  "k4lt.Effect": "Efeito",
  "k4lt.Options": "Opções",
  "k4lt.Results": "Resultados",
  "k4lt.Description": "Descrição",
  "k4lt.Target": "Alvo",
  "k4lt.Strength": "Força",
  "k4lt.Range": "Alcance",
  "k4lt.Special": "Especial",
  "k4lt.Trigger": "Gatilho",
  "k4lt.SpecialMove": "Movimento Especial",
  "k4lt.KeepItTogether": "Manter o Sangue-frio",
  "k4lt.SeeThroughTheIllusion": "Ver Através da Ilusão",
  "k4lt.EndureInjury": "Suportar Ferimento",
  "k4lt.HarmTaken": "Dano Sofrido",
  "k4lt.Combat": "Combate",
  "k4lt.Influence": "Influência",
  "k4lt.Magic": "Magia",
  "k4lt.EndureInjuryDialog": "Quanto de Dano você sofreu?",
  "k4lt.LostStability": "perdeu Estabilidade",
  "k4lt.PCIsBroken": "O personagem está Arruinado",
  "k4lt.HealedStability": "curou Estabilidade",
  "k4lt.PCIsComposed": "O personagem está Tranquilo",
  "k4lt.PassiveAbility": "Esta habilidade é passiva",

  "k4lt.Abilities": "Habilidades",
  "k4lt.Attacks": "Ataques",
  "k4lt.NPC": {
    "Home": "Home",
    "Type": "Tipo de Criatura"
  }
}
